<?xml version="1.0" encoding="UTF-8"?>
<archive xmlns="http://rs.tdwg.org/dwc/text/" metadata="eml.xml" xmlns:xsi="http://www.w3.org/2001/XMLSchema-instance"
         xsi:schemaLocation="http://rs.tdwg.org/dwc/text/   http://rs.tdwg.org/dwc/text/tdwg_dwc_text.xsd">
    <core encoding="UTF-8" fieldsTerminatedBy="," linesTerminatedBy="\n" fieldsEnclosedBy="&quot;"
          ignoreHeaderLines="1" rowType="http://rs.tdwg.org/dwc/terms/Occurrence">
        <files>
            <location>occurrence.csv</location>
        </files>
        <id index="0" />
    </core>
    <extension encoding="utf-8" fieldsTerminatedBy="," linesTerminatedBy="\n" fieldsEnclosedBy="&quote;"
               ignoreHeaderLines="1" rowType="http://rs.tdwg.org/ac/terms/Multimedia">
        <files>
            <location>multimedia.csv</location>
        </files>
        <coreid index="0" />
        <field index="1" term="http://purl.org/dc/terms/identifier"/>
        <field index="2" term="http://rs.tdwg.org/ac/terms/accessURI"/>
    </extension>
</archive>

