<archive xmlns="http://rs.tdwg.org/dwc/text/" metadata="eml.xml">
    <core encoding="utf-8" fieldsTerminatedBy="," linesTerminatedBy="\n" fieldsEnclosedBy="" ignoreHeaderLines="1" rowType="http://rs.tdwg.org/dwc/terms/Occurrence">
        <files>
            <location>occurrence.csv</location>
        </files>
        <id index="0" />
    </core>
    <extension encoding="utf-8" fieldsTerminatedBy="," linesTerminatedBy="\n" fieldsEnclosedBy="" ignoreHeaderLines="1" rowType="http://rs.tdwg.org/ac/terms/Multimedia">
        <files>
            <location>multimedia.csv</location>
        </files>
        <coreid index="0" />
        <field index="1" term="http://purl.org/dc/terms/identifier"/>
        <field index="3" term="http://rs.tdwg.org/ac/terms/accessURI"/>
    </extension>
</archive>

